0.4363,0,0,0.4363,0,0,0.4363,0,0,0.4363,0,0,0
0.4363,-1.0091622124,0.4416837632,0.4583841882,-1.0310641979,0.4872412418,0.4365208419,-0.1009381232,0.0442139338,0.4365209224,-0.1009254453,0.0442005654,0.1
0.4804683763,-2.0621283959,0.9744824836,0.5336160472,-2.0795833219,1.086463645,0.437184306,-0.2019314635,0.0886206104,0.437184654,-0.2019060773,0.0885938298,0.2
0.5779166247,-3.1880517482,1.7234352601,0.6703260497,-2.778735609,1.2527967077,0.4382932796,-0.3030343218,0.1334103819,0.4382940766,-0.3029961955,0.1333701574,0.3
0.7502601507,-4.033060261,2.1393317929,0.772755941,-2.6928653464,0.2512504577,0.439852536,-0.4042991424,0.1787688097,0.4398539537,-0.404248245,0.1787151244,0.4
0.96419333,-3.4658731154,0.339277365,0.7301814651,-2.227598296,-1.1746289531,0.4418686735,-0.5057753793,0.2248739676,0.4418708698,-0.5057116847,0.2248068243,0.5
0.9981210665,-2.8448748339,-1.8120311071,0.5419221543,-1.4690346211,-2.5771339972,0.4443500267,-0.6075081076,0.2718933695,0.4443531399,-0.6074316007,0.2718127986,0.6
0.8169179558,-2.1526015813,-3.5620520551,0.2182574027,-0.3453208829,-3.922398552,0.4473065438,-0.7095362783,0.3199803772,0.4473106874,-0.7094469633,0.3198864477,0.7
0.4607127502,-0.8586213651,-4.8522641496,-0.2384988391,0.735288568,-4.9445332425,0.4507496261,-0.8118905043,0.3692699237,0.4507548812,-0.8117884161,0.3691627575,0.8
-0.0245136647,1.1532454933,-5.8170578236,-0.741715775,0.3213369485,-4.1391877505,0.45469192,-0.9145902479,0.4198733696,0.4546983272,-0.914475466,0.4197531599,0.9
-0.6062194471,3.8126030483,-7.4644993082,-1.085339893,-0.3557861996,-2.8450800917,0.459147053,-1.0176402695,0.4718722916,0.4591546024,-1.0175129356,0.4717393268,1
-1.3526693779,6.2932408741,-9.6653432265,-1.3103156996,-0.6679945913,-1.7101418293,0.4641293023,-1.1210261823,0.5253109889,0.4641379211,-1.1208865221,0.5251656822,1.1
-2.3192037006,0.7323447612,-2.11756638,-1.4286029269,-0.6920907394,-0.683236367,0.4696531805,-1.2247089575,0.5801874926,0.4696627188,-1.2245573079,0.5800304191,1.2
-2.5309603385,0.7360192011,-1.3635374257,-1.4479730644,-0.5732524505,0.2746979547,0.4757329238,-1.3286182366,0.6364428848,0.4757431383,-1.3284550784,0.6362748285,1.3
-2.6673140811,0.7541071644,-0.7648099612,-1.3740101503,-0.447732626,1.2013201071,0.4823818654,-1.4326443448,0.6939487967,0.4823923992,-1.4324703434,0.6937708095,1.4
-2.7437950772,0.6083864621,-0.4513936234,-1.2076458929,-0.4271464831,2.1505006273,0.4896116727,-1.5366289826,0.7524930787,0.4896220345,-1.536445037,0.7523065534,1.5
-2.7889344396,0.2585730651,-0.4209171046,-0.9439203562,-0.5371464984,3.1242738,0.4974314346,-1.6403547137,0.8117638441,0.4974409744,-1.6401620158,0.8115706071,1.6
-2.83102615,-0.2383433036,-0.5779488859,-0.5858989849,-0.3817426746,3.6570896104,0.5058465802,-1.7435335905,0.8713324241,0.5058544659,-1.7433336971,0.8711348487,1.7
-2.8888210386,-0.8086859816,-0.8426246133,-0.220991518,0.5386644428,3.1669694485,0.5148576246,-1.8457955883,0.9306362444,0.5148628198,-1.8455905047,0.9304373902,1.8
-2.9730834999,-1.3883672189,-1.179064658,0.0531888494,1.677103392,2.1543460123,0.5244587466,-1.946677951,0.9889632771,0.5244599929,-1.9464702277,0.9887670545,1.9
-3.0909899657,-1.9139881949,-1.5677152968,0.213751536,2.6777929461,0.8737622623,0.5346362239,-2.0456170846,1.0454404801,0.5346320336,-2.045409922,1.0452518378,2
-3.2477614954,-2.3098818181,-1.9715037963,0.2362590543,3.4004139431,-0.3890582805,0.54536678,-2.1419451804,1.0990294431,0.5453554437,-2.1417425332,1.0988545652,2.1
-3.4449118751,-2.4937965975,-2.3316442387,0.1570724389,3.1842141962,-0.3713786668,0.5566159328,-2.2348941946,1.1485330852,0.5565955498,-2.2347008596,1.1483795755,2.2
-3.6780762989,-2.4087139051,-2.605306666,0.1633376849,2.2251181092,0.6247212755,0.5683364758,-2.3236099194,1.1926174149,0.5683050123,-2.3234315809,1.1924944263,2.3
-3.9386069655,-2.0540324919,-2.8047312172,0.276285567,1.1196265822,1.5109342621,0.5804672613,-2.4071783973,1.2298516513,0.5804226419,-2.4070215963,1.2297699066,2.4
-4.2190800873,-1.4732145379,-2.9742488611,0.463781082,-0.0306935147,2.1891886659,0.5929324827,-2.4846656048,1.2587680934,0.5928727143,-2.4845375947,1.2587397329,2.5
-4.5165049734,-0.6976772367,-3.1147109515,0.7123597589,-1.1383767928,2.7167923979,0.605641652,-2.5551690989,1.2779398837,0.605564974,-2.5550775589,1.2779780836,2.6
-4.8279760685,0.2828913144,-3.1656279772,0.9986681086,-1.6860911764,2.4841374285,0.6184904344,-2.6178774354,1.2860706329,0.6183954794,-2.6178300357,1.2861889735,2.7
-5.1445388662,1.4256072551,-3.1850657424,1.2091196717,-1.7335154219,1.5011244132,0.6313624148,-2.6721303217,1.2820857287,0.6312483608,-2.6721341745,1.2822973466,2.8
-5.4630454405,2.5896506718,-3.5322838666,1.3025071894,-1.7191666619,0.3312988826,0.6441317563,-2.71747065,1.2652124629,0.6439984445,-2.7175317214,1.2655290908,2.9
-5.8162738271,3.8873077753,-4.6638587359,1.2755355716,-1.6464354262,-0.9022715757,0.6566665701,-2.7536796913,1.2350362243,0.6565145674,-2.7538022797,1.2354672742,3
-6.2826597007,6.0517145953,-7.3717303294,1.1228748633,-1.3411920628,-2.169510977,0.6688327,-2.7807891992,1.1915234702,0.6686632947,-2.7809755874,1.1920753292,3.1
-7.0198327337,8.9527406439,-11.2059009178,0.8431285417,-0.6159527578,-3.4628150444,0.6804975574,-2.7990684558,1.1350082956,0.6803126878,-2.7993188087,1.135683962,3.2
-8.1404228254,0.2311437072,0.7449433758,0.4301626666,0.6394058237,-4.971583954,0.6915336428,-2.8089891198,1.0661463551,0.6913357726,-2.8093016431,1.0669454652,3.3
-8.0659284878,-0.6629489877,0.793894372,-0.15171753,1.3635932934,-5.7667935187,0.7018214633,-2.8111745959,0.9858455064,0.7016134244,-2.8115459109,0.9867647101,3.4
-7.9865390506,-1.5491782778,0.878470993,-0.681524781,0.1841318338,-4.4553222246,0.7112516691,-2.8063424998,0.8951853161,0.711036497,-2.8067681503,0.8962188964,3.5
-7.8986919513,-2.3175214414,1.1746418893,-1.0480666147,-0.8628281249,-3.0470766443,0.7197263606,-2.795248438,0.7953371906,0.7195071427,-2.7957234322,0.7964777932,3.6
-7.7812277624,-2.8372982399,1.9663096588,-1.2903428427,-1.3866591256,-1.7828135378,0.7271596247,-2.7786373193,0.6874941506,0.7269393758,-2.7791566274,0.6887335022,3.7
-7.5845967965,-3.242142181,3.2937085867,-1.4075668936,-1.5392643487,-0.548041607,0.7334774345,-2.7572057253,0.572815475,0.7332590054,-2.7577646794,0.574145005,3.8
-7.2552259379,-4.035959025,5.0853370731,-1.402468886,-1.5210726225,0.6328607091,0.7386170759,-2.7315763082,0.452387822,0.7384030955,-2.732170886,0.4537991446,3.9
-6.7466922306,-6.0258255994,8.2027347608,-1.2819611586,-1.5074093952,1.767016682,0.7425262669,-2.7022833118,0.3272017313,0.7423191136,-2.7029103064,0.3286869793,4
-5.9264187545,-8.2311653499,11.617922816,-1.0493816199,-1.5333890399,2.8245830453,0.7451621137,-2.6697672337,0.1981408474,0.744963909,-2.6704243282,0.1996928735,4.1
-4.7646264729,0.5961418255,1.7175465896,-0.7218407512,-1.0955651426,3.1916513115,0.7464900146,-2.634376284,0.0659806309,0.7463026323,-2.6350620552,0.0675931037,4.2
-4.5928718139,1.5601229039,1.7035184673,-0.4150138465,0.0162555595,2.6807962881,0.7464825894,-2.5963724045,-0.0686065568,0.7463076754,-2.597086278,-0.0669391336,4.3
-4.4225199672,2.5286859368,1.7243424389,-0.1822770913,1.2357617485,1.8998661718,0.745118686,-2.5559399763,-0.2050426269,0.7449576823,-2.5566821538,-0.2033249444,4.4
-4.2500857233,3.5725348327,1.9185425797,-0.0347661908,2.3887050101,0.8500028685,0.7423824873,-2.5131957976,-0.3428332034,0.7422366583,-2.5139671702,-0.3410692069,4.5
-4.0582314653,4.5849012767,2.1544031215,-0.0093175586,3.4768434611,-0.5208025024,0.7382627287,-2.4681993392,-0.4815567435,0.7381331862,-2.4690013968,-0.4797497039,4.6
-3.8427911532,5.1197041694,1.7336152769,-0.1250256672,3.8389817751,-0.9583204223,0.7327520234,-2.4209626441,-0.6208542453,0.7326397497,-2.4217973873,-0.6190068334,4.7
-3.6694296255,4.5914942031,-0.240484753,-0.1786223075,3.0399112062,0.3626098027,0.7258462859,-2.3714595069,-0.7604200622,0.7257521545,-2.3723293647,-0.7585344185,4.8
-3.6934781008,3.3769521055,-2.9911412425,-0.0647523539,1.9311325085,1.7449920144,0.7175442411,-2.3196337614,-0.8999940672,0.7174690342,-2.3205415156,-0.8980718635,4.9
-3.992592225,2.873695448,-4.7514117756,0.1678095115,0.6757762273,2.797640154,0.707847005,-2.2654066265,-1.0393552216,0.7077914276,-2.2663553431,-1.0373977125,5
-4.4677334026,3.3639385345,-6.3996142752,0.4933203452,-0.6964737096,3.7098847546,0.6967577223,-2.2086831411,-1.1783164846,0.6967224145,-2.2096761085,-1.1763245488,5.1
-5.1076948301,4.7058346176,-9.0957322248,0.9027713722,-1.4601829928,3.8192015518,0.6842812486,-2.1493577555,-1.3167209329,0.6842667951,-2.1503984285,-1.3146951045,5.2
-6.0172680526,0.3371357705,-5.1205080215,1.2472729148,-1.3367443515,2.778261776,0.6704238664,-2.0873191747,-1.4544389182,0.6704308038,-2.0884111218,-1.452379409,5.3
-6.5293188548,-1.8928795151,-5.7927183794,1.4642773663,-1.2398392863,1.6310598737,0.6551930234,-2.0224545479,-1.5913660753,0.6552218469,-2.0236014037,-1.5892727898,5.4
-7.1085906927,-4.3947642931,-6.9719381377,1.5717609059,-1.3027091927,0.5254621087,0.6385970887,-1.9546531109,-1.7274219841,0.6386482569,-1.9558585293,-1.725294529,5.5
-7.8057845065,-6.5539009934,-7.3748578683,1.5684739341,-1.387633829,-0.6171728732,0.6206451182,-1.8838093786,-1.8625492879,0.6207190574,-1.8850769881,-1.8603869782,5.6
-8.5432702933,-7.7180282147,-6.7492658505,1.4484555393,-1.3056813598,-1.7961107756,0.6013466276,-1.8098259966,-1.9967130644,0.6014437356,-1.8111593548,-1.9945149288,5.7
-9.2181968783,-8.195932604,-5.8552990715,1.2103699879,-0.8582978105,-2.9605210869,0.5807113711,-1.7326163612,-2.1299002421,0.5808320214,-1.7340189078,-2.1276650311,5.8
-9.8037267855,-7.4159128564,-3.555428896,0.8568716059,0.107332868,-4.1951385231,0.5587491259,-1.6521071357,-2.2621188389,0.5588936715,-1.6535821416,-2.2598450402,5.9
-10.1592696751,-5.1544268602,0.4466089633,0.3672752326,1.706250704,-5.9469148109,0.5354694859,-1.568240809,-2.393396779,0.5356382645,-1.5697913195,-2.3910826434,6
-10.1146087788,-3.3153767445,2.9870008736,-0.333916932,1.4217435849,-5.5626786158,0.51088167,-1.4809784783,-2.5237800081,0.5110750095,-1.4826072461,-2.5214235943,6.1
-9.8159086914,-2.8413504656,3.5323935463,-0.7919263529,-0.0150854497,-3.9899673742,0.4849943538,-1.3903030762,-2.6533295788,0.4852125797,-1.3920124801,-2.6509288234,6.2
-9.4626693368,-2.8190267401,3.8798392642,-1.1228298681,-0.9620891238,-2.7225282508,0.4578155361,-1.2962233229,-2.782117309,0.4580589799,-1.2980152662,-2.7796701325,6.3
-9.0746854103,-2.9411146043,4.3268733966,-1.3367074643,-1.4243278025,-1.5086270857,0.429352457,-1.1987787528,-2.9102195295,0.4296214677,-1.2006545325,-2.9077239902,6.4
-8.6419980707,-2.4700040686,4.0476311974,-1.4272659788,-1.5617488283,-0.2768067275,0.3996115902,-1.0980462487,-3.0377083263,0.3999065475,-1.1000063855,-3.0351628367,6.5
-8.2372349509,-1.9008224568,3.9072652094,-1.3941699241,-1.5816459719,0.9355871757,0.3685987364,-0.9941486108,-3.1646395541,0.3689200677,-0.9961926262,-3.1620431804,6.6
-7.84650843,-1.4936996401,4.448335119,-1.2405507076,-1.6741652525,2.1574161956,0.3363192546,-0.8872657819,-3.2910367653,0.3366674557,-0.8893919065,-3.2883896301,6.7
-7.4016749181,-0.8758989758,5.5704396612,-0.9621651891,-1.8595853502,3.3583773796,0.3027784779,-0.7776494254,-3.4168700775,0.3031541374,-0.7798542181,-3.4141738922,6.8
-6.844630952,-0.2300108385,7.0130383937,-0.5765925987,-1.2831167523,3.5017200831,0.2679823672,-0.6656415642,-3.5420289563,0.2683861962,-0.6679194212,-3.5392877092,6.9
-6.1433271126,-2.1512191777,5.6666008996,-0.2585775957,-0.0130858803,2.7745305867,0.2319384713,-0.5516978805,-3.666287995,0.2323713368,-0.5540404133,-3.6635088202,7
-5.5766670227,-4.4979557074,4.5566717199,-0.0217940917,1.2355081702,1.9270929189,0.1946572648,-0.4364159303,-3.7892651872,0.1951202261,-0.4388111969,-3.7864594283,7.1
-5.1209998507,-6.504435789,6.2506576759,0.1259450674,2.3645067714,0.8210364029,0.1561539422,-0.3205677938,-3.91037311,0.156648287,-0.3229993805,-3.9075575734,7.2
-4.4959340831,-10.4143252082,10.8059947168,0.143928097,3.4646471169,-0.7225404081,0.1164507314,-0.2051353619,-4.0287651609,0.1169780055,-0.2075813439,-4.0259635093,7.3
-3.4153346114,-1.9454250122,-3.7962197609,-0.0112930979,4.1397775217,-1.7999448421,0.0755797602,-0.0913443578,-4.1432817902,0.0761417796,-0.093776215,-4.1405259599,7.4
-3.7949565875,-1.886005601,-4.0939218832,-0.1736817475,3.3330815778,-0.5198308786,0.0335864429,0.0193097691,-4.252405686,0.0341852728,0.0169281252,-4.2497371079,7.5
-4.2043487758,-1.4950040281,-4.4807792619,-0.1382619777,2.2235638452,0.9516894471,-0.0094667607,0.1250544876,-4.3542397705,-0.0088288825,0.1227673139,-4.3517100404,7.6
-4.652426702,-0.6067302064,-4.7631604978,0.0174039004,1.0763260099,1.9640251703,-0.0534965229,0.2238649616,-4.4465264117,-0.0528173424,0.221724532,-4.4441969196,7.7
-5.1287427518,0.7804699419,-4.959641479,0.2549016194,-0.1962618988,2.7524336135,-0.0983952743,0.3135354946,-4.5267279124,-0.0976727782,0.3116007379,-4.5246678602,7.8
-5.6247068997,2.4951669945,-5.5591888958,0.5695259282,-1.5963007545,3.6175198556,-0.1440289885,0.3918081885,-4.5921834445,-0.1432617643,0.3901416958,-4.5904657755,7.9
-6.1806257893,4.806709031,-7.5649310323,0.9715011027,-2.1871098567,3.4645221308,-0.1902369362,0.4565581181,-4.6403428838,-0.1894246059,0.45522136,-4.6390380223,8
-6.9371188925,8.0441845257,-11.5474901163,1.2632435906,-1.9829903854,2.1927216858,-0.236834128,0.5060160823,-4.6690536606,-0.2359777828,0.5050631996,-4.6682216566,8.1
-8.0918679041,-0.89968166,-0.1549880622,1.4131602657,-1.8589981242,0.8652898374,-0.2836167844,0.5389899053,-4.6768495754,-0.2827193138,0.5384611117,-4.6765320845,8.2
-8.1073667103,-1.5403817289,0.2221153426,1.4342559475,-1.810972415,-0.4414668987,-0.3303705422,0.5550331544,-4.6631737733,-0.3294367456,0.5549492951,-4.6633878682,8.3
-8.0851551761,-2.0368569266,0.8144198261,1.324698375,-1.6146218268,-1.735202968,-0.3768803902,0.5545156056,-4.6284748012,-0.3759168051,0.5548753881,-4.6292104371,8.4
-8.0037131935,-2.3266002642,1.761780274,1.0886075877,-1.0433207069,-2.9411442561,-0.4229408225,0.538574654,-4.5741475202,-0.4219552831,0.539355357,-4.5753694629,8.5
-7.8275351661,-2.5549192922,3.0034760779,0.737230669,0.042982887,-4.1347685035,-0.4683646289,0.508961412,-4.502336652,-0.4673656497,0.5101227878,-4.5039902498,8.6
-7.5271875583,-3.0821533279,4.4646486888,0.2574681066,1.7557054193,-5.8254085389,-0.5129891459,0.4678233819,-4.4156582466,-0.5119852699,0.4693135352,-4.4176773152,8.7
-7.0807226894,-4.3904420176,6.6629822682,-0.4334800788,1.8233032028,-5.6608665049,-0.5566794833,0.4174754977,-4.3169074467,-0.5556787217,0.4192371878,-4.3192222419,8.8
-6.4144244626,-6.9504249317,10.551226807,-0.8985862136,0.4949064271,-4.0503926156,-0.5993289188,0.3602023885,-4.2088087877,-0.5983383599,0.3621784767,-4.2113525181,8.9
-5.3593017819,0.2722716404,1.99277993,-1.233131546,-0.3791009172,-2.8215100611,-0.640857109,0.2981154257,-4.0938394188,-0.639882715,0.3002527877,-4.0965525809,9
-5.1600237889,1.3670443734,1.9469664632,-1.461376934,-0.7942388526,-1.7453502409,-0.6812069298,0.2330688075,-3.974129944,-0.6802534945,0.235320605,-3.9769625023,9.1
-4.9653271426,2.3577428123,1.7357399244,-1.5832771797,-0.8941688061,-0.6774323008,-0.7203406932,0.1666259223,-3.8514304917,-0.7194119145,0.1689525054,-3.8543423605,9.2
-4.7917531501,3.0961320404,1.0855278508,-1.5980408959,-0.8421712923,0.3772533096,-0.7582363056,0.1000617429,-3.7271226418,-0.7573349229,0.1024305912,-3.7300830557,9.3
-4.6832003651,3.4422432587,-0.2044317271,-1.5082037511,-0.8074746682,1.4174419222,-0.7948837249,0.0343870447,-3.6022582219,-0.7940116833,0.0367721434,-3.6052445175,9.4
-4.7036435378,3.4506365401,-2.076317366,-1.3140213249,-0.9481935619,2.5133087302,-0.8302818986,-0.0296168873,-3.4776100474,-0.8294405122,-0.0272359328,-3.4806062377,9.5
-4.9112752744,3.6320139109,-4.1146780595,-1.0038431158,-1.3932247993,3.8136981693,-0.8644362392,-0.0913608188,-3.3537245805,-0.8636263396,-0.0889997273,-3.3567199579,9.6
-5.3227430803,4.7065079606,-6.5866556414,-0.5502848712,-1.5865267996,4.7227125783,-0.8973566187,-0.150411997,-3.2309707228,-0.8965786803,-0.1480826979,-3.2339586148,9.7
-5.9814086445,7.2988948658,-10.7761616785,-0.0847579916,-0.3236625364,3.9220742568,-0.9290558223,-0.2064627399,-3.1095820274,-0.9283100644,-0.2041741483,-3.1125587513,9.8
-7.0590248123,-0.237180793,-1.8650170383,0.2473920036,1.0856381258,2.7945556695,-0.9595483874,-0.259303969,-2.9896915653,-0.9588348548,-0.2570626312,-2.9926555864,9.9
,,,,,,-0.9888497556,-0.308803611,-2.8713597752,,,,
,,,,,,-1.0169756692,-0.3548893634,-2.7545961395,,,,
,,,,,,-1.0439417564,-0.3975351582,-2.639375698,,,,
,,,,,,-1.0697632577,-0.4367506492,-2.5256513892,,,,
,,,,,,-1.0944548583,-0.4725731061,-2.4133630991,,,,
,,,,,,-1.1180305953,-0.5050611937,-2.3024441592,,,,
,,,,,,-1.1405038194,-0.5342902052,-2.1928258952,,,,
,,,,,,-1.1618871936,-0.5603484066,-2.084440703,,,,
,,,,,,-1.1821927162,-0.5833342257,-1.9772240271,,,,
,,,,,,-1.2014317587,-0.6033540769,-1.8711155263,,,,
,,,,,,-1.2196151126,-0.6205206647,-1.7660596498,,,,
,,,,,,-1.2367530382,-0.6349516468,-1.662005789,,,,
,,,,,,-1.2528553147,-0.6467685671,-1.5589081333,,,,
,,,,,,-1.2679312864,-0.6560959907,-1.4567253247,,,,
,,,,,,-1.2819899051,-0.6630607944,-1.3554199834,,,,
,,,,,,-1.2950397679,-0.6677915728,-1.2549581579,,,,
,,,,,,-1.3070891475,-0.6704181363,-1.1553087388,,,,
,,,,,,-1.3181460187,-0.6710710804,-1.0564428665,,,,
,,,,,,-1.3282180773,-0.6698814115,-0.9583333523,,,,
,,,,,,-1.3373127544,-0.6669802205,-0.8609541299,,,,
,,,,,,-1.3454372246,-0.6624983949,-0.7642797449,,,,
,,,,,,-1.3525984097,-0.6565663651,-0.668284892,,,,
,,,,,,-1.3588029784,-0.6493138789,-0.5729440009,,,,
,,,,,,-1.3640573414,-0.6408698013,-0.478230875,,,,
,,,,,,-1.3683676432,-0.6313619367,-0.3841183828,,,,
,,,,,,-1.371739752,-0.6209168693,-0.2905782002,,,,
,,,,,,-1.374179246,-0.6096598192,-0.1975806049,,,,
,,,,,,-1.3756913988,-0.5977145113,-0.1050943185,,,,
,,,,,,-1.3762811632,-0.585203053,-0.0130863964,,,,
,,,,,,-1.3759531539,-0.5722458172,0.0784778361,,,,
,,,,,,-1.3747116302,-0.5589613262,0.1696348049,,,,
,,,,,,-1.3725604784,-0.5454661317,0.2604226633,,,,
,,,,,,-1.3695031946,-0.5318746863,0.3508812257,,,,
,,,,,,-1.365542869,-0.5182991989,0.4410518557,,,,
,,,,,,-1.3606821704,-0.5048494683,0.5309773085,,,,
,,,,,,-1.3549233338,-0.491632687,0.6207015216,,,,
,,,,,,-1.3482681493,-0.4787532042,0.7102693493,,,,
,,,,,,-1.340717955,-0.4663122401,0.7997262318,,,,
,,,,,,-1.3322736321,-0.4544075352,0.8891177896,,,,
,,,,,,-1.3229356062,-0.4431329233,0.9784893263,,,,
,,,,,,-1.3127038526,-0.4325778084,1.0678852247,,,,
,,,,,,-1.3015779094,-0.4228265257,1.1573482107,,,,
,,,,,,-1.2895568974,-0.4139575629,1.2469184583,,,,
,,,,,,-1.2766395512,-0.4060426132,1.3366325007,,,,
,,,,,,-1.2628242611,-0.3991454277,1.4265219066,,,,
,,,,,,-1.2481091306,-0.3933204286,1.5166116716,,,,
,,,,,,-1.2324920502,-0.3886110409,1.6069182682,,,,
,,,,,,-1.215970794,-0.3850476942,1.6974472886,,,,
,,,,,,-1.1985431413,-0.3826454422,1.7881906066,,,,
,,,,,,-1.1802070289,-0.3814011459,1.8791229809,,,,
,,,,,,-1.1609607413,-0.3812901664,1.9701980196,,,,
,,,,,,-1.1408031438,-0.3822625214,2.0613434319,,,,
,,,,,,-1.1197339669,-0.3842384747,2.1524555109,,,,
,,,,,,-1.0977541508,-0.3871035568,2.2433928236,,,,
,,,,,,-1.0748662554,-0.3907030641,2.333969145,,,,
,,,,,,-1.0510749455,-0.3948361527,2.4239457619,,,,
,,,,,,-1.0263875556,-0.3992497529,2.5130234048,,,,
,,,,,,-1.0008147362,-0.4036326623,2.6008342504,,,,
,,,,,,-0.9743711776,-0.4076103599,2.6869346633,,,,
,,,,,,-0.9470764018,-0.4107412841,2.7707996266,,,,
,,,,,,-0.9189555975,-0.4125155362,2.8518200925,,,,
,,,,,,-0.8900404643,-0.412357152,2.9293047392,,,,
,,,,,,-0.860370013,-0.4096311721,3.0024877459,,,,
,,,,,,-0.829991254,-0.4036566475,3.070544089,,,,
,,,,,,-0.7989596921,-0.3937263601,3.1326134061,,,,
,,,,,,-0.7673395381,-0.3791333404,3.187832568,,,,
,,,,,,-0.7352035536,-0.3592032472,3.2353757649,,,,
,,,,,,-0.7026324619,-0.333330442,3.2744992915,,,,
,,,,,,-0.6697138981,-0.3010143978,3.3045866501,,,,
,,,,,,-0.6365409192,-0.2618922705,3.3251885332,,,,
,,,,,,-0.6032101543,-0.2157633677,3.3360521484,,,,
,,,,,,-0.5698197277,-0.1626020553,3.3371354492,,,,
,,,,,,-0.5364671225,-0.1025572739,3.3286040256,,,,
,,,,,,-0.5032471638,-0.0359389162,3.310811182,,,,
,,,,,,-0.4702502788,0.0368066741,3.2842643761,,,,
,,,,,,-0.4375611496,0.1151284,3.2495830335,,,,
,,,,,,-0.4052578172,0.1984050642,3.20745342,,,,
,,,,,,-0.3734112367,0.2859790482,3.1585857594,,,,
,,,,,,-0.3420852401,0.3771860142,3.1036774724,,,,
,,,,,,-0.3113368282,0.4713788385,3.0433847585,,,,
,,,,,,-0.2812167028,0.5679451399,2.9783031766,,,,
,,,,,,-0.2517699475,0.6663186764,2.9089566744,,,,
,,,,,,-0.2230367803,0.7659854585,2.8357937766,,,,
,,,,,,-0.1950533109,0.8664856903,2.759189319,,,,
,,,,,,-0.1678522577,0.9674126745,2.6794501167,,,,
,,,,,,-0.1414635926,1.0684096973,2.5968231469,,,,
,,,,,,-0.1159150937,1.1691657119,2.5115051083,,,,
,,,,,,-0.0912327985,1.269410428,2.4236525185,,,,
,,,,,,-0.0674413548,1.3689092197,2.3333917821,,,,
,,,,,,-0.0445642723,1.4674580987,2.2408288825,,,,
,,,,,,-0.0226240796,1.5648788746,2.146058527,,,,
,,,,,,-0.0016423924,1.6610145271,2.0491726947,,,,
,,,,,,0.0183601,1.7557247524,1.9502686278,,,,
,,,,,,0.0373637262,1.848881601,1.84945636,,,,
,,,,,,0.0553499977,1.9403651015,1.7468659115,,,,
,,,,,,0.0723018434,2.0300587502,1.6426542929,,,,
,,,,,,0.0882039147,2.1178447504,1.5370124617,,,,
,,,,,,0.1030429601,2.2035988952,1.4301723579,,,,
,,,,,,0.1168082699,2.2871850128,1.3224141127,,,,
,,,,,,0.1294921951,2.3684489357,1.2140734652,,,,
,,,,,,0.141090741,2.4472120153,1.1055493384,,,,
,,,,,,0.1516042368,2.5232642912,0.9973114015,,,,
,,,,,,0.1610380809,2.5963575454,0.8899072769,,,,
,,,,,,0.1694035538,2.6661986237,0.7839688337,,,,
,,,,,,0.1767186896,2.7324435957,0.680216748,,,,
,,,,,,0.1830091799,2.7946935366,0.5794622152,,,,
,,,,,,0.1883092787,2.8524929215,0.482604419,,,,
,,,,,,0.1926626561,2.9053317848,0.3906221537,,,,
,,,,,,0.1961231356,2.952652845,0.3045579609,,,,
,,,,,,0.1987552306,2.9938646447,0.2254933982,,,,
,,,,,,0.2006343876,3.0283613251,0.1545147227,,,,
,,,,,,0.2018468374,3.0555489011,0.0926694034,,,,
,,,,,,0.2024889703,3.0748768397,0.0409154398,,,,
,,,,,,0.2026661745,3.0858725388,0.0000672,,,,
,,,,,,0.2024911303,3.0881751903,-0.0292567144,,,,
,,,,,,0.2020816041,3.0815648556,-0.0466778625,,,,
,,,,,,0.201557859,3.0659826736,-0.0520876965,,,,
,,,,,,0.2010398487,3.0415390972,-0.045658968,,,,
,,,,,,0.2006443992,3.0085087879,-0.0278363342,,,,
,,,,,,0.2004825879,2.9673128812,0.0006924972,,,,
,,,,,,0.2006575001,2.9184912543,0.0390411019,,,,
,,,,,,0.2012624931,2.8626686968,0.0861782489,,,,
,,,,,,0.2023800303,2.8005192805,0.140984889,,,,
,,,,,,0.2040810859,2.7327327793,0.2023083669,,,,
,,,,,,0.2064250645,2.6599859666,0.2690095053,,,,
,,,,,,0.2094601488,2.5829203748,0.3400000513,,,,
,,,,,,0.2132239698,2.5021269366,0.4142697087,,,,
,,,,,,0.2177444963,2.4181370393,0.4909033212,,,,
,,,,,,0.2230410493,2.3314189829,0.5690896018,,,,
,,,,,,0.2291253663,2.2423785969,0.6481231859,,,,
,,,,,,0.236002657,2.1513627807,0.7274018095,,,,
,,,,,,0.2436726106,2.0586648752,0.8064202215,,,,
,,,,,,0.2521303301,1.9645309927,0.8847621446,,,,
,,,,,,0.2613671781,1.8691666579,0.9620912772,,,,
,,,,,,0.2713715309,1.7727433173,1.0381420337,,,,
,,,,,,0.2821294397,1.6754044481,1.1127104732,,,,
,,,,,,0.2936252018,1.5772711242,1.1856456767,,,,
,,,,,,0.3058418503,1.478446997,1.256841689,,,,
,,,,,,0.3187615638,1.3790227066,1.3262300478,,,,
,,,,,,0.3323660063,1.2790797886,1.3937728543,,,,
,,,,,,0.3466365988,1.1786941573,1.4594563028,,,,
,,,,,,0.3615547292,1.077939266,1.5232845648,,,,
,,,,,,0.3771019021,0.9768890434,1.5852739128,,,,
,,,,,,0.393259831,0.8756207042,1.6454469693,,,,
,,,,,,0.4100104729,0.7742175246,1.7038269754,,,,
,,,,,,0.4273360059,0.6727716598,1.7604319843,,,,
,,,,,,0.4452187482,0.5713870629,1.8152689105,,,,
,,,,,,0.4636410161,0.4701825396,1.8683273929,,,,
,,,,,,0.4825849203,0.3692949398,1.9195734774,,,,
,,,,,,0.502032098,0.2688824416,1.968943183,,,,
,,,,,,0.5219633803,0.1691278277,2.0163360928,,,,
,,,,,,0.5423583965,0.0702415798,2.0616092124,,,,
,,,,,,0.5631951183,-0.0275354632,2.1045714553,,,,
,,,,,,0.584449354,-0.1239302343,2.1449792454,,,,
,,,,,,0.6060942051,-0.2186367923,2.1825338621,,,,
,,,,,,0.6280995074,-0.3113174115,2.2168812559,,,,
,,,,,,0.650431284,-0.4016059445,2.2476151169,,,,
,,,,,,0.6730512473,-0.4891139538,2.2742839258,,,,
,,,,,,0.6959163934,-0.5734399546,2.2964025276,,,,
,,,,,,0.718978735,-0.6541818469,2.3134683962,,,,
,,,,,,0.7421852208,-0.7309522128,2.324982222,,,,
,,,,,,0.7654778797,-0.8033956801,2.3304717779,,,,
,,,,,,0.7887942165,-0.8712070575,2.3295173283,,,,
,,,,,,0.8120678644,-0.9341485571,2.321776275,,,,
,,,,,,0.8352294735,-0.9920642418,2.3070044593,,,,
,,,,,,0.858207789,-1.0448899695,2.2850716857,,,,
,,,,,,0.880930851,-1.092657561,2.255969629,,,,
,,,,,,0.9033272313,-1.135492636,2.2198112515,,,,
,,,,,,0.9253272231,-1.1736063924,2.1768219914,,,,
,,,,,,0.9468639019,-1.2072823674,2.1273240401,,,,
,,,,,,0.9678740012,-1.2368597644,2.0717157869,,,,
,,,,,,0.9882985628,-1.2627151611,2.0104488577,,,,
,,,,,,1.0080833529,-1.285244336,1.9440050844,,,,
,,,,,,1.027179052,-1.3048456316,1.8728753325,,,,
,,,,,,1.0455412461,-1.3219058231,1.7975415152,,,,
,,,,,,1.063130257,-1.3367889877,1.718462487,,,,
,,,,,,1.0799108511,-1.3498284628,1.6360639598,,,,
,,,,,,1.0958518672,-1.3613216729,1.5507321701,,,,
,,,,,,1.1109257989,-1.3715274213,1.462810769,,,,
,,,,,,1.12510836,-1.380665155,1.3726002939,,,,
,,,,,,1.1383780561,-1.3889157081,1.2803595663,,,,
,,,,,,1.1507157785,-1.3964230734,1.1863084205,,,,
,,,,,,1.1621044301,-1.40329682,1.0906312589,,,,
,,,,,,1.1725285904,-1.40961486,0.9934810356,,,,
,,,,,,1.1819742214,-1.4154263369,0.8949833701,,,,
,,,,,,1.1904284152,-1.4207544811,0.7952405795,,,,
,,,,,,1.1978791801,-1.4255993295,0.6943354905,,,,
,,,,,,1.2043152641,-1.4299402485,0.5923349456,,,,
,,,,,,1.2097260124,-1.4337382329,0.4892929598,,,,
,,,,,,1.2141012532,-1.4369379734,0.3852535104,,,,
,,,,,,1.2174312107,-1.4394697015,0.280252963,,,,
,,,,,,1.2197064405,-1.4412508286,0.1743221453,,,,
,,,,,,1.2209177831,-1.442187403,0.0674880886,,,,
,,,,,,1.2210563343,-1.4421754083,-0.0402245415,,,,
,,,,,,1.220113428,-1.4411019287,-0.1487923044,,,,
,,,,,,1.2180806286,-1.4388462055,-0.2581921133,,,,
,,,,,,1.2149497315,-1.4352806062,-0.3684006145,,,,
,,,,,,1.2107127681,-1.4302715254,-0.4793938026,,,,
,,,,,,1.2053620136,-1.4236802354,-0.5911468568,,,,
,,,,,,1.1988899957,-1.4153637,-0.7036341867,,,,
,,,,,,1.1912895015,-1.4051753635,-0.816829677,,,,
,,,,,,1.1825535806,-1.3929659229,-0.930707121,,,,
,,,,,,1.1726755441,-1.3785840919,-1.0452408341,,,,
,,,,,,1.1616489551,-1.3618773593,-1.1604064361,,,,
,,,,,,1.1494676122,-1.3426927471,-1.2761817922,,,,
,,,,,,1.1361255211,-1.3208775696,-1.3925480976,,,,
,,,,,,1.1216168562,-1.2962801955,-1.509491091,,,,
,,,,,,1.1059359083,-1.2687508171,-1.6270023736,,,,
,,,,,,1.0890770195,-1.2381422313,-1.7450808081,,,,
,,,,,,1.0710345034,-1.2043106415,-1.8637339624,,,,
,,,,,,1.0518025506,-1.1671164972,-1.9829795526,,,,
,,,,,,1.0313751201,-1.1264253957,-2.1028468255,,,,
,,,,,,1.0097458176,-1.0821090847,-2.2233778033,,,,
,,,,,,0.9869077616,-1.0340466254,-2.3446282867,,,,
,,,,,,0.9628534418,-0.9821257994,-2.4666684795,,,,
,,,,,,0.9375745728,-0.9262448807,-2.5895830505,,,,
,,,,,,0.9110619513,-0.8663149422,-2.713470387,,,,
,,,,,,0.8833053245,-0.8022629313,-2.83844071,,,,
,,,,,,0.8542932853,-0.7340358347,-2.9646126057,,,,
,,,,,,0.8240132104,-0.6616063638,-3.0921073838,,,,
,,,,,,0.7924512681,-0.584980733,-3.221040475,,,,
,,,,,,0.7595925288,-0.5042092801,-3.3515088418,,,,
,,,,,,0.7254212247,-0.4194008756,-3.4835730862,,,,
,,,,,,0.6899212187,-0.3307422861,-3.6172326217,,,,
,,,,,,0.6530767606,-0.238523836,-3.7523919857,,,,
,,,,,,0.6148736301,-0.1431727733,-3.8888162201,,,,
,,,,,,0.5753007859,-0.0452955152,-4.0260734602,,,,
,,,,,,0.5343526557,0.0542708474,-4.1634638256,,,,
,,,,,,0.4920322065,0.1543991951,-4.2999359796,,,,
,,,,,,0.4483549006,0.2536098924,-4.4339970503,,,,
,,,,,,0.4033535623,0.3500151803,-4.5636286851,,,,
,,,,,,0.3570840054,0.4412877066,-4.686231839,,,,
,,,,,,0.3096309954,0.5246782154,-4.7986336774,,,,
,,,,,,0.2611137326,0.5971119531,-4.8971966704,,,,
,,,,,,0.2116896352,0.6553882512,-4.97806393,,,,
,,,,,,0.1615549363,0.6964863368,-5.0375468573,,,,
,,,,,,0.1109407521,0.7179417839,-5.0726096964,,,,
,,,,,,0.060104034,0.7182142782,-5.0813467186,,,,
,,,,,,0.0093141187,0.6969436778,-5.0633153868,,,,
,,,,,,-0.0411630048,0.6550110599,-5.0196146443,,,,
,,,,,,-0.0910797768,0.59438386,-4.9526807151,,,,
,,,,,,-0.1402187912,0.5177980811,-4.8658713641,,,,
,,,,,,-0.1883996027,0.4283757356,-4.7629694016,,,,
,,,,,,-0.2354805113,0.3292739006,-4.6477328974,,,,
,,,,,,-0.2813563317,0.22342559,-4.5235704181,,,,
,,,,,,-0.3259536381,0.1133888745,-4.3933608812,,,,
,,,,,,-0.3692249038,0.0012893463,-4.2593961663,,,,
,,,,,,-0.4111425896,-0.1111723654,-4.1234075169,,,,
,,,,,,-0.451693816,-0.2226761905,-3.9866377266,,,,
,,,,,,-0.4908759039,-0.3322228946,-3.8499304877,,,,
,,,,,,-0.5286928414,-0.4390727954,-3.7138190229,,,,
,,,,,,-0.5651526036,-0.5426902658,-3.5786047787,,,,
,,,,,,-0.6002651968,-0.6426970123,-3.4444227398,,,,
,,,,,,-0.634041286,-0.7388345704,-3.3112932252,,,,
,,,,,,-0.6664912759,-0.8309351754,-3.1791616228,,,,
,,,,,,-0.6976247328,-0.9188996731,-3.0479280804,,,,
,,,,,,-0.7274500598,-1.0026810598,-2.9174691831,,,,
,,,,,,-0.7559743516,-1.082272375,-2.7876534179,,,,
,,,,,,-0.7832033785,-1.1576978725,-2.6583519104,,,,
,,,,,,-0.8091416562,-1.2290066083,-2.5294456153,,,,
,,,,,,-0.8337925727,-1.2962677767,-2.4008298724,,,,
,,,,,,-0.8571585499,-1.3595672845,-2.2724170238,,,,
,,,,,,-0.8792412222,-1.4190051823,-2.1441376178,,,,
,,,,,,-0.900041622,-1.474693672,-2.015940595,,,,
,,,,,,-0.9195603625,-1.5267554862,-1.8877927554,,,,
,,,,,,-0.937797812,-1.5753224917,-1.7596777349,,,,
,,,,,,-0.9547542566,-1.6205344141,-1.6315946667,,,,
,,,,,,-0.9704300473,-1.6625376105,-1.5035566634,,,,
,,,,,,-0.9848257325,-1.7014838403,-1.3755892314,,,,
,,,,,,-0.9979421737,-1.7375289997,-1.2477287067,,,,
,,,,,,-1.0097806462,-1.7708317965,-1.1200207875,,,,
,,,,,,-1.0203429256,-1.8015523461,-0.9925192298,,,,
,,,,,,-1.0296313628,-1.829850675,-0.8652847655,,,,
,,,,,,-1.0376489483,-1.855885116,-0.7383842963,,,,
,,,,,,-1.0443993713,-1.8798105774,-0.6118904187,,,,
,,,,,,-1.0498870747,-1.901776668,-0.4858813298,,,,
,,,,,,-1.054117312,-1.9219256509,-0.3604411684,,,,
,,,,,,-1.0570962092,-1.9403901962,-0.2356608444,,,,
,,,,,,-1.0588308385,-1.957290898,-0.1116394128,,,,
,,,,,,-1.0593293076,-1.9727335152,0.0115139521,,,,
,,,,,,-1.0586008726,-1.986805895,0.1336773297,,,,
,,,,,,-1.05665608,-1.9995745392,0.2547127255,,,,
,,,,,,-1.0535069465,-2.011080782,0.3744620118,,,,
,,,,,,-1.0491671817,-2.0213365648,0.4927421328,,,,
,,,,,,-1.0436524639,-2.0303198252,0.6093396131,,,,
,,,,,,-1.0369807726,-2.037969566,0.7240044798,,,,
,,,,,,-1.0291727857,-2.0441807448,0.836443807,,,,
,,,,,,-1.0202523415,-2.0487992224,0.9463152311,,,,
,,,,,,-1.0102469648,-2.0516171469,1.0532209673,,,,
,,,,,,-0.9991884484,-2.052369309,1.1567030746,,,,
,,,,,,-0.9871134744,-2.0507311867,1.2562409651,,,,
,,,,,,-0.9740642447,-2.0463195736,1.3512523794,,,,
,,,,,,-0.9600890828,-2.0386968075,1.4410992192,,,,
,,,,,,-0.9452429478,-2.0273796314,1.5250996227,,,,
,,,,,,-0.9295877946,-2.0118535368,1.6025474146,,,,
,,,,,,-0.9131926997,-1.9915930004,1.6727394335,,,,
,,,,,,-0.8961336753,-1.9660872815,1.735010203,,,,
,,,,,,-0.878493103,-1.9348704417,1.7887720231,,,,
,,,,,,-0.8603587472,-1.8975531381,1.833557028,,,,
,,,,,,-0.8418223488,-1.8538527789,1.8690564588,,,,
,,,,,,-0.8229778535,-1.803618152,1.8951517784,,,,
,,,,,,-0.8039193829,-1.7468449056,1.911932693,,,,
,,,,,,-0.7847391013,-1.6836793661,1.9196987326,,,,
,,,,,,-0.7655251529,-1.6144099349,1.9189435349,,,,
,,,,,,-0.7463598408,-1.5394472935,1.9103237528,,,,
,,,,,,-0.7273181845,-1.4592963459,1.8946168578,,,,
,,,,,,-0.7084669417,-1.3745238147,1.8726734418,,,,
,,,,,,-0.6898641198,-1.2857255296,1.8453697284,,,,
,,,,,,-0.6715589481,-1.1934967999,1.8135650377,,,,
,,,,,,-0.6535922415,-1.0984081566,1.7780673529,,,,
,,,,,,-0.6359970627,-1.0009875311,1.7396083955,,,,
,,,,,,-0.6187995854,-0.901708883,1.6988281284,,,,
,,,,,,-0.602020067,-0.8009865461,1.6562675666,,,,
,,,,,,-0.5856738564,-0.6991741695,1.6123682305,,,,
,,,,,,-0.5697723775,-0.5965670099,1.5674764344,,,,
,,,,,,-0.5543240507,-0.4934064232,1.5218507372,,,,
,,,,,,-0.5393351277,-0.389885588,1.4756711665,,,,
,,,,,,-0.5248104279,-0.2861557235,1.4290491585,,,,
,,,,,,-0.5107539745,-0.182332283,1.3820374732,,,,
,,,,,,-0.497169532,-0.0785007886,1.3346396141,,,,
,,,,,,-0.484061054,0.0252778798,1.2868184882,,,,
,,,,,,-0.4714330477,0.1289628226,1.2385041993,,,,
,,,,,,-0.4592908651,0.2325290932,1.1896009663,,,,
,,,,,,-0.4476409293,0.3359642665,1.1399932304,,,,
,,,,,,-0.4364909041,0.4392655352,1.0895510497,,,,
,,,,,,-0.4258498119,0.5424372483,1.0381349073,,,,
,,,,,,-0.4157281069,0.6454888017,0.9856000637,,,,
,,,,,,-0.4061377064,0.7484327823,0.9318005919,,,,
,,,,,,-0.3970919833,0.8512832668,0.8765932364,,,,
,,,,,,-0.3886057201,0.954054173,0.8198412358,,,,
,,,,,,-0.3806950247,1.0567575574,0.7614182569,,,,
,,,,,,-0.3733772059,1.1594017462,0.7012125908,,,,
,,,,,,-0.3666706056,1.2619891788,0.6391317746,,,,
,,,,,,-0.3605943815,1.3645138324,0.5751078104,,,,
,,,,,,-0.3551682347,1.4669580864,0.5091031681,,,,
,,,,,,-0.3504120729,1.5692888741,0.4411177672,,,,
,,,,,,-0.3463455979,1.6714529646,0.3711971345,,,,
,,,,,,-0.3429878059,1.7733712234,0.2994419253,,,,
,,,,,,-0.3403563846,1.8749317194,0.2260189525,,,,
,,,,,,-0.3384669928,1.9759816003,0.1511737898,,,,
,,,,,,-0.3373324057,2.0763177496,0.0752448687,,,,
,,,,,,-0.3369615126,2.1756763956,-0.0013212452,,,,
,,,,,,-0.3373581573,2.2737220792,-0.0779540629,,,,
,,,,,,-0.33851982,2.3700367182,-0.153944022,,,,
,,,,,,-0.3404361554,2.4641099368,-0.2284297566,,,,
,,,,,,-0.3430874205,2.555332332,-0.3003902873,,,,
,,,,,,-0.3464428572,2.6429938439,-0.3686453443,,,,
,,,,,,-0.3504591269,2.7262897627,-0.4318675292,,,,
,,,,,,-0.3550789361,2.8043369081,-0.4886099993,,,,
,,,,,,-0.3602300244,2.8762019388,-0.5373524616,,,,
,,,,,,-0.3658247077,2.9409423625,-0.5765662005,,,,
,,,,,,-0.3717601645,2.9976586092,-0.6047956005,,,,
,,,,,,-0.377919606,3.0455527803,-0.6207495864,,,,
,,,,,,-0.3841743879,3.0839870738,-0.6233925688,,,,
,,,,,,-0.390386998,3.1125333341,-0.6120221929,,,,
,,,,,,-0.3964147231,3.1310054996,-0.5863216481,,,,
,,,,,,-0.402113686,3.139469234,-0.5463779282,,,,
,,,,,,-0.407342883,3.1382271745,-0.4926634864,,,,
,,,,,,-0.4119678597,3.1277828236,-0.4259854514,,,,
,,,,,,-0.4158637367,3.1087897342,-0.3474119339,,,,
,,,,,,-0.4189174137,3.0819943487,-0.2581875593,,,,
,,,,,,-0.4210289052,3.0481804635,-0.1596499251,,,,
,,,,,,-0.4221118715,3.0081213499,-0.0531559689,,,,
,,,,,,-0.4220934784,2.9625429503,0.0599765051,,,,
,,,,,,-0.4209137557,2.9120990848,0.1785104748,,,,
,,,,,,-0.4185246222,2.8573577655,0.3013155621,,,,
,,,,,,-0.4148887256,2.7987966465,0.4273807324,,,,
,,,,,,-0.409978213,2.7368052673,0.5558170644,,,,
,,,,,,-0.4037735158,2.6716918383,0.6858537292,,,,
,,,,,,-0.396262201,2.6036926783,0.8168298488,,,,
,,,,,,-0.3874379188,2.5329828558,0.9481842834,,,,
,,,,,,-0.3772994596,2.4596870223,1.0794447881,,,,
,,,,,,-0.3658499184,2.383889785,1.2102174652,,,,
,,,,,,-0.3530959627,2.3056452536,1.3401770272,,,,
,,,,,,-0.3390471927,2.2249855928,1.4690580982,,,,
,,,,,,-0.3237155826,2.1419285545,1.5966475776,,,,
,,,,,,-0.3071149938,2.05648405,1.72277796,,,,
,,,,,,-0.2892607499,1.9686598831,1.847321425,,,,
,,,,,,-0.2701692685,1.878466795,1.9701844628,,,,
,,,,,,-0.2498577431,1.7859229993,2.0913027741,,,,
,,,,,,-0.2283438771,1.6910584003,2.2106361614,,,,
,,,,,,-0.2056456683,1.593918703,2.3281631187,,,,
,,,,,,-0.1817812504,1.4945696406,2.4438748057,,,,
,,,,,,-0.1567687987,1.3931015604,2.5577680802,,,,
,,,,,,-0.1306265106,1.2896346238,2.6698372429,,,,
,,,,,,-0.1033726765,1.1843248887,2.7800641361,,,,
,,,,,,-0.0750258582,1.077371535,2.8884062422,,,,
,,,,,,-0.0456051981,0.9690254681,2.9947824588,,,,
,,,,,,-0.0151308819,0.8595994571,3.0990563213,,,,
,,,,,,0.016375217,0.7494798189,3.2010166293,,,,
,,,,,,0.0488886869,0.6391394024,3.3003557609,,,,
,,,,,,0.0823815009,0.5291512261,3.3966464941,,,,
,,,,,,0.1168207028,0.4202015383,3.4893189334,,,,
,,,,,,0.1521668694,0.3131002929,3.5776401991,,,,
,,,,,,0.1883723914,0.2087861238,3.6607008011,,,,
,,,,,,0.2253796641,0.108322005,3.7374128955,,,,
,,,,,,0.2631193342,0.0128772232,3.8065264783,,,,
,,,,,,0.301508814,-0.0763084679,3.8666693852,,,,
,,,,,,0.340451327,-0.157981058,3.9164149678,,,,
,,,,,,0.3798357724,-0.2309481041,3.9543769931,,,,
,,,,,,0.4195376638,-0.2941685713,3.9793248252,,,,
,,,,,,0.4594212915,-0.3468457319,3.9903046712,,,,
,,,,,,0.4993430821,-0.3885081682,3.9867471207,,,,
,,,,,,0.539155911,-0.4190633644,3.9685402183,,,,
,,,,,,0.5787139277,-0.4388124243,3.9360525118,,,,
,,,,,,0.6178773377,-0.4484223743,3.8901009764,,,,
,,,,,,0.6565165958,-0.4488617191,3.831870973,,,,
,,,,,,0.694515594,-0.4413121545,3.7628050779,,,,
,,,,,,0.7317736337,-0.4270723495,3.6844816603,,,,
,,,,,,0.7682061833,-0.407468229,3.5985021224,,,,
,,,,,,0.8037445898,-0.3837796629,3.5063997056,,,,
,,,,,,0.838335007,-0.3571880378,3.4095755538,,,,
,,,,,,0.871936824,-0.3287445708,3.3092616393,,,,
,,,,,,0.9045208496,-0.2993562646,3.2065062907,,,,
,,,,,,0.9360674502,-0.2697851199,3.1021764397,,,,
,,,,,,0.9665647797,-0.2406561801,2.9969707271,,,,
,,,,,,0.9960071807,-0.2124706507,2.8914385509,,,,
,,,,,,1.0243937956,-0.18562126,2.7860014034,,,,
,,,,,,1.0517273961,-0.1604079329,2.6809740579,,,,
,,,,,,1.0780134187,-0.1370525992,2.5765841627,,,,
,,,,,,1.103259186,-0.115712512,2.4729895234,,,,
,,,,,,1.1274732888,-0.096491828,2.3702928392,,,,
,,,,,,1.1506651022,-0.0794514386,2.2685539547,,,,
,,,,,,1.1728444124,-0.06461717,2.1677998469,,,,
,,,,,,1.1940211325,-0.0519865353,2.068032637,,,,
,,,,,,1.2142050904,-0.0415342424,1.9692359325,,,,
,,,,,,1.2334058707,-0.033216655,1.871379789,,,,
,,,,,,1.2516327014,-0.0269753884,1.7744245499,,,,
,,,,,,1.2688943738,-0.022740198,1.6783237871,,,,
,,,,,,1.285199187,-0.0204312935,1.5830265295,,,,
,,,,,,1.3005549124,-0.0199611912,1.4884789315,,,,
,,,,,,1.3149687723,-0.0212361948,1.3946255084,,,,
,,,,,,1.3284474282,-0.0241575793,1.3014100351,,,,
,,,,,,1.3409969777,-0.0286225369,1.2087761904,,,,
,,,,,,1.3526229559,-0.0345249324,1.1166680069,,,,
,,,,,,1.3633303409,-0.0417559075,1.0250301766,,,,
,,,,,,1.3731235618,-0.0502043623,0.9338082502,,,,
,,,,,,1.3820065077,-0.0597573389,0.8429487574,,,,
,,,,,,1.3899825382,-0.0703003274,0.7523992728,,,,
,,,,,,1.397054494,-0.0817175078,0.6621084423,,,,
,,,,,,1.4032247076,-0.0938919417,0.5720259826,,,,
,,,,,,1.408495014,-0.1067057229,0.4821026626,,,,
,,,,,,1.4128667612,-0.1200400956,0.3922902731,,,,
,,,,,,1.4163408199,-0.1337755468,0.302541588,,,,
,,,,,,1.4189175936,-0.1477918789,0.2128103191,,,,
,,,,,,1.4205970273,-0.1619682663,0.1230510668,,,,
,,,,,,1.4213786165,-0.176183302,0.0332192633,,,,
,,,,,,1.421261415,-0.1903150359,-0.056728889,,,,
,,,,,,1.4202440421,-0.2042410095,-0.1468364881,,,,
,,,,,,1.4183246897,-0.2178382893,-0.2371460138,,,,
,,,,,,1.4155011276,-0.2309835025,-0.3276994207,,,,
,,,,,,1.4117707085,-0.2435528768,-0.4185382477,,,,
,,,,,,1.4071303715,-0.2554222871,-0.5097037432,,,,
,,,,,,1.4015766442,-0.2664673133,-0.6012370124,,,,
,,,,,,1.3951056435,-0.2765633092,-0.6931791841,,,,
,,,,,,1.3877130746,-0.2855854888,-0.7855716021,,,,
,,,,,,1.3793942275,-0.2934090303,-0.8784560394,,,,
,,,,,,1.3701439717,-0.2999092046,-0.971874936,,,,
,,,,,,1.3599567484,-0.3049615306,-1.0658716567,,,,
,,,,,,1.3488265599,-0.3084419647,-1.1604907673,,,,
,,,,,,1.3367469559,-0.3102271317,-1.2557783205,,,,
,,,,,,1.3237110177,-0.3101946053,-1.3517821429,,,,
,,,,,,1.3097113385,-0.3082232521,-1.4485521091,,,,
,,,,,,1.2947400018,-0.3041936541,-1.5461403823,,,,
,,,,,,1.2787885577,-0.2979886305,-1.6446015963,,,,
,,,,,,1.2618479971,-0.2894938874,-1.7439929401,,,,
,,,,,,1.2439087262,-0.2785988303,-1.8443740995,,,,
,,,,,,1.2249605421,-0.2651975876,-1.945806989,,,,
,,,,,,1.2049926131,-0.249190308,-2.0483551913,,,,
,,,,,,1.1839934647,-0.230484811,-2.1520829922,,,,
,,,,,,1.1619509794,-0.2089986985,-2.2570538677,,,,
,,,,,,1.138852414,-0.1846620603,-2.3633282373,,,,
,,,,,,1.1146844429,-0.1574209489,-2.4709602431,,,,
,,,,,,1.0894332407,-0.1272418408,-2.5799932534,,,,
,,,,,,1.0630846155,-0.0941173559,-2.6904537114,,,,
,,,,,,1.0356242141,-0.0580735661,-2.802342863,,,,
,,,,,,1.0070378217,-0.0191792802,-2.9156258119,,,,
,,,,,,0.9773117851,0.0224422592,-3.0302172671,,,,
,,,,,,0.9464335978,0.066598813,-3.1459633105,,,,
,,,,,,0.9143926887,0.1130113198,-3.2626185489,,,,
,,,,,,0.8811814628,0.161292576,-3.3798182158,,,,
,,,,,,0.8467966481,0.2109225721,-3.4970452486,,,,
,,,,,,0.8112409948,0.2612213164,-3.6135932432,,,,
,,,,,,0.7745253612,0.3113210908,-3.7285276382,,,,
,,,,,,0.7366711881,0.3601417029,-3.8406496349,,,,
,,,,,,0.6977133041,0.4063743995,-3.9484701824,,,,
,,,,,,0.6577029178,0.4484823702,-4.0502044649,,,,
,,,,,,0.6167105314,0.4847274582,-4.1437997194,,,,
,,,,,,0.5748283757,0.5132325359,-4.2270091962,,,,
,,,,,,0.532171848,0.5320854005,-4.297520483,,,,
,,,,,,0.4888793886,0.5394818971,-4.3531357019,,,,
,,,,,,0.4451103263,0.5338938661,-4.3919850075,,,,
,,,,,,0.4010404988,0.5142348773,-4.412737929,,,,
,,,,,,0.356855879,0.4799893821,-4.4147672537,,,,
,,,,,,0.3127449133,0.4312743438,-4.3982247092,,,,
,,,,,,0.2688906193,0.3688176989,-4.3640081301,,,,
,,,,,,0.2254635573,0.2938598282,-4.3136289126,,,,
,,,,,,0.1826165608,0.2080033539,-4.2490139111,,,,
,,,,,,0.1404816629,0.1130454386,-4.1722873714,,,,
,,,,,,0.0991691928,0.0108236736,-4.0855738983,,,,
,,,,,,0.0587686555,-0.0969043794,-3.9908483557,,,,
,,,,,,0.0193508433,-0.2085407721,-3.8898413033,,,,
,,,,,,-0.0190293841,-0.3226886788,-3.7839952709,,,,
,,,,,,-0.0563301101,-0.438164094,-3.6744601217,,,,
,,,,,,-0.092519487,-0.5539874302,-3.5621141133,,,,
,,,,,,-0.1275731704,-0.6693636597,-3.4475989449,,,,
,,,,,,-0.1614721482,-0.7836575226,-3.3313600935,,,,
,,,,,,-0.1942009837,-0.8963681132,-3.2136867976,,,,
,,,,,,-0.2257464464,-1.007105334,-3.094748518,,,,
,,,,,,-0.2560964849,-1.1155693952,-2.974626454,,,,
,,,,,,-0.2852394889,-1.2215336991,-2.8533397911,,,,
,,,,,,-0.3131637875,-1.3248309607,-2.7308669746,,,,
,,,,,,-0.3398573365,-1.4253421743,-2.6071625937,,,,
,,,,,,-0.3653075545,-1.5229879447,-2.4821705641,,,,
,,,,,,-0.389501274,-1.6177216933,-2.3558342813,,,,
,,,,,,-0.4124247802,-1.7095242863,-2.2281043628,,,,
,,,,,,-0.4340639169,-1.7983996891,-2.0989445185,,,,
,,,,,,-0.4544042427,-1.8843713015,-1.9683360142,,,,
,,,,,,-0.4734312265,-1.9674786863,-1.8362811305,,,,
,,,,,,-0.4911304722,-2.0477744415,-1.7028059682,,,,
,,,,,,-0.5074879708,-2.1253210035,-1.5679629156,,,,
,,,,,,-0.5224903741,-2.2001871909,-1.4318330678,,,,
,,,,,,-0.5361252953,-2.2724443152,-1.2945288771,,,,
,,,,,,-0.548381636,-2.3421616967,-1.1561973028,,,,
,,,,,,-0.5592499492,-2.4094014271,-1.0170237278,,,,
,,,,,,-0.5687228452,-2.4742122296,-0.8772368987,,,,
,,,,,,-0.5767954529,-2.5366222785,-0.7371151286,,,,
,,,,,,-0.5834659502,-2.5966308677,-0.5969939605,,,,
,,,,,,-0.5887361782,-2.6541988665,-0.4572754066,,,,
,,,,,,-0.5926123562,-2.7092379976,-0.3184387402,,,,
,,,,,,-0.595105912,-2.7615991211,-0.1810525884,,,,
,,,,,,-0.5962344379,-2.8110599462,-0.0457877297,,,,
,,,,,,-0.5960227771,-2.8573129303,0.0865704894,,,,
,,,,,,-0.5945042271,-2.8999545769,0.2151118436,,,,
,,,,,,-0.5917218319,-2.9384778886,0.3387955212,,,,
,,,,,,-0.5877296991,-2.9722703109,0.4564523093,,,,
,,,,,,-0.5825942473,-3.0006199597,0.5667985835,,,,
,,,,,,-0.576395244,-3.0227330522,0.6684661251,,,,
,,,,,,-0.5692264567,-3.0377649327,0.7600509809,,,,
,,,,,,-0.5611957157,-3.044865637,0.8401824343,,,,
,,,,,,-0.5524241887,-3.0432384313,0.9076095408,,,,
,,,,,,-0.5430447163,-3.0322064677,0.9612979614,,,,
,,,,,,-0.5331991546,-3.0112793646,1.0005251237,,,,
,,,,,,-0.5230348093,-2.9802093364,1.0249587267,,,,
,,,,,,-0.5127002077,-2.9390266361,1.0347039675,,,,
,,,,,,-0.5023405852,-2.8880470846,1.0303093387,,,,
,,,,,,-0.4920935345,-2.8278497765,1.0127286057,,,,
,,,,,,-0.4820852451,-2.759229075,0.9832452737,,,,
,,,,,,-0.4724276583,-2.6831297617,0.9433726913,,,,
,,,,,,-0.4632167026,-2.6005763128,0.8947459133,,,,
,,,,,,-0.454531612,-2.5126064696,0.8390202246,,,,
,,,,,,-0.4464351952,-2.4202163872,0.7777869935,,,,
,,,,,,-0.4389748414,-2.3243209669,0.7125121638,,,,
,,,,,,-0.4321840224,-2.2257296823,0.6444978792,,,,
,,,,,,-0.4260840693,-2.1251359303,0.5748644008,,,,
,,,,,,-0.4206860372,-2.0231168061,0.5045478064,,,,
,,,,,,-0.4159925277,-1.9201400014,0.4343086407,,,,
,,,,,,-0.4119993805,-1.8165748978,0.3647472095,,,,
,,,,,,-0.4086971888,-1.712705567,0.2963221225,,,,
,,,,,,-0.4060726197,-1.6087440667,0.2293696727,,,,
,,,,,,-0.4041095411,-1.5048430122,0.1641224926,,,,
,,,,,,-0.4027899688,-1.4011068616,0.1007266075,,,,
,,,,,,-0.4020948516,-1.2976016776,0.039256476,,,,
,,,,,,-0.4020047175,-1.194363339,-0.0202720696,,,,
,,,,,,-0.4025002001,-1.0914042981,-0.0778908871,,,,
,,,,,,-0.4035624656,-0.9887190457,-0.1336703933,,,,
,,,,,,-0.4051735571,-0.8862884682,-0.1877119949,,,,
,,,,,,-0.4073166698,-0.7840832842,-0.2401418335,,,,
,,,,,,-0.4099763703,-0.6820667343,-0.2911056064,,,,
,,,,,,-0.4131387683,-0.5801966837,-0.3407642468,,,,
,,,,,,-0.4167916493,-0.4784272745,-0.3892902695,,,,
,,,,,,-0.4209245737,-0.3767102518,-0.4368646118,,,,
,,,,,,-0.4255289461,-0.2749960709,-0.4836738171,,,,
,,,,,,-0.4305980577,-0.173234883,-0.5299074216,,,,
,,,,,,-0.4361271039,-0.0713774886,-0.5757554166,,,,
,,,,,,-0.4421131757,0.0306236552,-0.6214056611,,,,
,,,,,,-0.4485552255,0.1328132852,-0.667041117,,,,
,,,,,,-0.4554540035,0.2352319539,-0.7128367791,,,,
,,,,,,-0.4628119616,0.3379143241,-0.758956156,,,,
,,,,,,-0.4706331197,0.440887032,-0.8055471521,,,,
,,,,,,-0.4789228874,0.5441660061,-0.8527371817,,,,
,,,,,,-0.4876878322,0.6477531168,-0.9006273388,,,,
,,,,,,-0.4969353847,0.7516320297,-0.9492854364,,,,
,,,,,,-0.5066734678,0.8557631368,-0.9987377364,,,,
,,,,,,-0.5169100363,0.9600774595,-1.0489592212,,,,
,,,,,,-0.5276525118,1.0644694609,-1.0998623199,,,,
,,,,,,-0.5389070963,1.1687887843,-1.1512841254,,,,
,,,,,,-0.5506779524,1.2728310719,-1.2029723334,,,,
,,,,,,-0.5629662355,1.3763282195,-1.2545704306,,,,
,,,,,,-0.5757689777,1.4789387078,-1.3056030769,,,,
,,,,,,-0.5890778292,1.580239022,-1.35546316,,,,
,,,,,,-0.6028776823,1.6797175947,-1.4034026196,,,,
,,,,,,-0.6171452308,1.7767731344,-1.4485297584,,,,
,,,,,,-0.6318475406,1.870719497,-1.4898161932,,,,
,,,,,,-0.6469407473,1.9607992681,-1.5261166226,,,,
,,,,,,-0.6623690223,2.0462077222,-1.5562038849,,,,
,,,,,,-0.6780639705,2.1261276685,-1.5788201285,,,,
,,,,,,-0.6939446171,2.1997738435,-1.5927422707,,,,
,,,,,,-0.7099181118,2.2664432226,-1.5968566267,,,,
,,,,,,-0.7258812064,2.3255654405,-1.590234425,,,,
,,,,,,-0.741722467,2.3767461808,-1.5721979559,,,,
,,,,,,-0.7573250753,2.4197965968,-1.5423672986,,,,
,,,,,,-0.7725699779,2.4547437995,-1.5006803051,,,,
,,,,,,-0.7873390903,2.4818207989,-1.4473832326,,,,
,,,,,,-0.801518264,2.5014380456,-1.3829947761,,,,
,,,,,,-0.8149997744,2.5141417901,-1.308250657,,,,
,,,,,,-0.8276841806,2.5205660336,-1.2240382387,,,,
,,,,,,-0.8394815063,2.5213847272,-1.1313305601,,,,
,,,,,,-0.8503117778,2.5172694345,-1.0311272404,,,,
,,,,,,-0.8601050207,2.508855621,-0.924406845,,,,
,,,,,,-0.8688008432,2.4967186966,-0.8120924556,,,,
,,,,,,-0.8763477425,2.4813593641,-0.6950299523,,,,
,,,,,,-0.8827022525,2.463196862,-0.5739771321,,,,
,,,,,,-0.8878280324,2.4425682825,-0.4496011798,,,,
,,,,,,-0.8916949642,2.4197321471,-0.3224819829,,,,
,,,,,,-0.8942783072,2.3948746617,-0.1931190891,,,,
,,,,,,-0.8955579355,2.3681174087,-0.0619405598,,,,
,,,,,,-0.8955176699,2.3395255749,0.0706875553,,,,
,,,,,,-0.8941447053,2.3091161153,0.2044519867,,,,
,,,,,,-0.8914291272,2.2768654846,0.3390837888,,,,
,,,,,,-0.8873635085,2.2427167426,0.4743509481,,,,
,,,,,,-0.8819425741,2.2065859569,0.6100521754,,,,
,,,,,,-0.8751629216,2.1683678977,0.7460118888,,,,
,,,,,,-0.8670227866,2.1279410662,0.8820763299,,,,
,,,,,,-0.8575218413,2.0851721167,1.0181107105,,,,
,,,,,,-0.8466610162,2.0399197407,1.1539972749,,,,
,,,,,,-0.8344423378,1.992038083,1.2896341487,,,,
,,,,,,-0.8208687737,1.9413797511,1.4249348486,,,,
,,,,,,-0.8059440794,1.8877984799,1.5598283239,,,,
,,,,,,-0.7896726432,1.831151503,1.6942594061,,,,
,,,,,,-0.7720593236,1.7713016847,1.8281895384,,,,
,,,,,,-0.7531092797,1.7081194677,1.9615976565,,,,
,,,,,,-0.7328277913,1.6414846964,2.0944810791,,,,
,,,,,,-0.7112200708,1.5712883908,2.2268562573,,,,
,,,,,,-0.688291069,1.4974345668,2.3587592042,,,,
,,,,,,-0.6640452784,1.4198422254,2.4902453943,,,,
,,,,,,-0.6384865406,1.3384476784,2.6213888756,,,,
,,,,,,-0.6116178676,1.2532074313,2.7522802675,,,,
,,,,,,-0.5834412893,1.1641019161,2.8830232322,,,,
,,,,,,-0.5539577456,1.0711404613,3.0137288854,,,,
,,,,,,-0.5231670458,0.9743680008,3.1445074626,,,,
,,,,,,-0.4910679272,0.8738741592,3.2754563679,,,,
,,,,,,-0.457658254,0.7698055089,3.4066435164,,,,
,,,,,,-0.4229354091,0.6623819448,3.5380846509,,,,
,,,,,,-0.3868969468,0.5519182376,3.669713126,,,,
,,,,,,-0.3495415894,0.438851824,3.8013405983,,,,
,,,,,,-0.3108706659,0.3237776442,3.9326073251,,,,
,,,,,,-0.2708901018,0.2074901235,4.0629216383,,,,
,,,,,,-0.2296130674,0.0910309153,4.1913900597,,,,
,,,,,,-0.1870633632,-0.0242615976,4.3167429685,,,,
,,,,,,-0.1432795507,-0.1367090991,4.4372661757,,,,
,,,,,,-0.0983197006,-0.2442698756,4.5507561141,,,,
,,,,,,-0.0522664136,-0.3445541919,4.6545242722,,,,
,,,,,,-0.0052314755,-0.4349008797,4.7454814093,,,,
,,,,,,0.0426408044,-0.5125339967,4.8203280517,,,,
,,,,,,0.091172734,-0.5748034666,4.8758583124,,,,
,,,,,,0.1401559492,-0.619486163,4.909347543,,,,
,,,,,,0.1893582733,-0.6450913273,4.9189503956,,,,
,,,,,,0.2385343667,-0.6510930578,4.904006837,,,,
,,,,,,0.2874387148,-0.6380203225,4.8651632193,,,,
,,,,,,0.3358387421,-0.6073752268,4.8042689162,,,,
,,,,,,0.3835257906,-0.5614055666,4.7240827894,,,,
,,,,,,0.4303224019,-0.5027996055,4.6278795777,,,,
,,,,,,0.4760854285,-0.4343808798,4.5190591134,,,,
,,,,,,0.5207054754,-0.3588611153,4.4008345037,,,,
,,,,,,0.5641037405,-0.278676977,4.2760320054,,,,
,,,,,,0.6062274274,-0.1959082716,4.1469979845,,,,
,,,,,,0.647044713,-0.1122593695,4.0155876664,,,,
,,,,,,0.6865399342,-0.0290814047,3.8832053268,,,,
,,,,,,0.7247093641,0.0525842718,3.7508699343,,,,
,,,,,,0.7615577191,0.1319553332,3.6192879908,,,,
,,,,,,0.7970953962,0.2084589057,3.488922722,,,,
,,,,,,0.8313363678,0.2816875084,3.3600543377,,,,
,,,,,,0.8642966269,0.3513620983,3.2328296649,,,,
,,,,,,0.8959930753,0.417302246,3.107301459,,,,
,,,,,,0.9264427549,0.4794027045,2.9834586342,,,,
,,,,,,0.9556623412,0.5376153451,2.8612489622,,,,
,,,,,,0.9836678283,0.591935419,2.7405957541,,,,
,,,,,,1.0104743551,0.6423912042,2.6214098614,,,,
,,,,,,1.0360961309,0.6890362487,2.5035981035,,,,
,,,,,,1.0605464299,0.7319435751,2.3870690045,,,,
,,,,,,1.0838376311,0.7712013466,2.2717365297,,,,
,,,,,,1.1059812872,0.8069096123,2.1575223494,,,,
,,,,,,1.1269882105,0.8391778437,2.0443570327,,,,
,,,,,,1.1468685649,0.8681230432,1.9321804711,,,,
,,,,,,1.1656319601,0.8938682688,1.8209417598,,,,
,,,,,,1.1832875423,0.9165414546,1.7105987057,,,,
,,,,,,1.1998440773,0.9362744456,1.6011170885,,,,
,,,,,,1.2153100267,0.9532021838,1.4924697683,,,,
,,,,,,1.2296936138,0.9674620064,1.3846357111,,,,
,,,,,,1.2430028796,0.9791930221,1.2775989822,,,,
,,,,,,1.2552457288,0.9885355502,1.1713477482,,,,
,,,,,,1.2664299659,0.9956306046,1.0658733124,,,,
,,,,,,1.2765633218,1.0006194169,0.9611692078,,,,
,,,,,,1.2856534717,1.0036429908,0.8572303582,,,,
,,,,,,1.293708045,1.0048416849,0.7540523197,,,,
,,,,,,1.3007346282,1.0043548205,0.6516306081,,,,
,,,,,,1.3067407613,1.0023203128,0.549960116,,,,
,,,,,,1.3117339286,0.9988743217,0.4490346228,,,,
,,,,,,1.3157215457,0.9941509215,0.3488463961,,,,
,,,,,,1.3187109424,0.9882817845,0.249385888,,,,
,,,,,,1.3207093435,0.9813958759,0.1506415222,,,,
,,,,,,1.3217238472,0.9736191542,0.0525995756,,,,
,,,,,,1.3217614039,0.9650742721,-0.0447558486,,,,
,,,,,,1.3208287941,0.95588027,-0.1414427528,,,,
,,,,,,1.318932608,0.946152255,-0.2374810812,,,,
,,,,,,1.3160792274,0.9360010549,-0.3328924552,,,,
,,,,,,1.3122748102,0.9255328364,-0.4276998037,,,,
,,,,,,1.3075252795,0.9148486759,-0.5219268792,,,,
,,,,,,1.3018363183,0.9040440662,-0.6155976501,,,,
,,,,,,1.2952133703,0.8932083456,-0.7087355555,,,,
,,,,,,1.2876616499,0.8824240281,-0.8013626054,,,,
,,,,,,1.2791861608,0.8717660164,-0.8934983073,,,,
,,,,,,1.2697917272,0.8613006737,-0.9851583938,,,,
,,,,,,1.2594830382,0.8510847303,-1.0763533259,,,,
,,,,,,1.248264709,0.841163998,-1.1670865395,,,,
,,,,,,1.2361413603,0.8315718662,-1.2573524039,,,,
,,,,,,1.2231177199,0.8223275528,-1.347133859,,,,
,,,,,,1.2091987499,0.8134340864,-1.4363996986,,,,
,,,,,,1.1943898026,0.8048760022,-1.5251014769,,,,
,,,,,,1.1786968093,0.7966167445,-1.6131700235,,,,
,,,,,,1.1621265058,0.7885957852,-1.7005115738,,,,
,,,,,,1.144686699,0.7807254932,-1.7870035547,,,,
,,,,,,1.1263865764,0.7728878261,-1.8724901066,,,,
,,,,,,1.107237062,0.7649309617,-1.9567774881,,,,
,,,,,,1.0872512181,0.7566660525,-2.0396295892,,,,
,,,,,,1.0664446906,0.7478643597,-2.1207638772,,,,
,,,,,,1.044836192,0.7382551122,-2.1998482161,,,,
,,,,,,1.0224480096,0.7275245256,-2.2764991176,,,,
,,,,,,0.9993065242,0.7153164958,-2.3502820894,,,,
,,,,,,0.9754427109,0.7012355297,-2.4207148104,,,,
,,,,,,0.950892594,0.684852465,-2.4872738525,,,,
,,,,,,0.9256976142,0.6657134293,-2.5494055324,,,,
,,,,,,0.899904866,0.6433522666,-2.6065411927,,,,
,,,,,,0.8735671599,0.6173063129,-2.6581167455,,,,
,,,,,,0.8467428693,0.5871349314,-2.7035956983,,,,
,,,,,,0.8194955329,0.5524396964,-2.7424941921,,,,
,,,,,,0.7918932014,0.5128846261,-2.7744059391,,,,
,,,,,,0.7640075409,0.4682145332,-2.7990245306,,,,
,,,,,,0.7359127343,0.4182695169,-2.8161605351,,,,
,,,,,,0.7076842419,0.3629939086,-2.8257512239,,,,
,,,,,,0.6793975077,0.3024386114,-2.8278616151,,,,
,,,,,,0.6511266985,0.2367566174,-2.8226766685,,,,
,,,,,,0.6229435651,0.1661923761,-2.8104856498,,,,
,,,,,,0.5949164935,0.0910664253,-2.7916606541,,,,
,,,,,,0.5671097949,0.011757148,-2.7666318499,,,,
,,,,,,0.5395832526,-0.0713183861,-2.7358620952,,,,
,,,,,,0.5123919196,-0.157722749,-2.6998232481,,,,
,,,,,,0.4855861396,-0.2470143345,-2.6589758858,,,,
,,,,,,0.4592117508,-0.3387605909,-2.6137534315,,,,
,,,,,,0.4333104252,-0.432547993,-2.5645510123,,,,
,,,,,,0.4079200954,-0.5279888416,-2.5117188448,,,,
,,,,,,0.3830754262,-0.6247252402,-2.4555595905,,,,
,,,,,,0.3588082947,-0.7224307437,-2.3963289477,,,,
,,,,,,0.3351482503,-0.8208102087,-2.3342387069,,,,
,,,,,,0.3121229329,-0.9195983463,-2.2694615527,,,,
,,,,,,0.2897584374,-1.0185574015,-2.2021370093,,,,
,,,,,,0.2680796129,-1.1174742923,-2.13237805,,,,
,,,,,,0.2471102945,-1.2161574512,-2.0602780295,,,,
,,,,,,0.2268734643,-1.3144335229,-1.9859177058,,,,
,,,,,,0.2073913421,-1.4121440058,-1.9093722199,,,,
,,,,,,0.1886854071,-1.5091418659,-1.8307179752,,,,
,,,,,,0.1707763512,-1.6052881077,-1.7500394136,,,,
,,,,,,0.153683965,-1.70044826,-1.667435727,,,,
,,,,,,0.1374269563,-1.794488711,-1.5830275637,,,,
,,,,,,0.1220227026,-1.8872728214,-1.4969638009,,,,
,,,,,,0.1074869343,-1.978656744,-1.4094284491,,,,
,,,,,,0.0938333486,-2.0684848925,-1.3206477335,,,,
,,,,,,0.0810731514,-2.1565850285,-1.2308973574,,,,
,,,,,,0.0692145258,-2.2427629784,-1.1405098912,,,,
,,,,,,0.0582620264,-2.3267970593,-1.0498821344,,,,
,,,,,,0.0482159009,-2.4084323768,-0.9594821756,,,,
,,,,,,0.039071343,-2.487375279,-0.8698557086,,,,
,,,,,,0.030817688,-2.5632883885,-0.7816309641,,,,
,,,,,,0.0234375671,-2.6357867982,-0.6955213937,,,,
,,,,,,0.0169060498,-2.7044361793,-0.6123250172,,,,
,,,,,,0.011189811,-2.7687536884,-0.5329191717,,,,
,,,,,,0.0062463787,-2.828212622,-0.4582493292,,,,
,,,,,,0.0020235248,-2.8822517058,-0.3893107831,,,,
,,,,,,-0.001541122,-2.930289645,-0.3271224104,,,,
,,,,,,-0.0045201607,-2.9717450762,-0.2726924706,,,,
,,,,,,-0.0069961218,-3.0060613328,-0.2269774887,,,,
,,,,,,-0.0090607315,-3.0327345471,-0.1908365936,,,,
,,,,,,-0.0108137027,-3.0513427117,-0.1649849973,,,,
,,,,,,-0.0123610696,-3.0615726404,-0.1499512883,,,,
,,,,,,-0.0138131254,-3.0632415363,-0.1460435201,,,,
,,,,,,-0.0152820772,-3.0563102607,-0.1533284676,,,,
,,,,,,-0.0168795681,-3.0408864027,-0.1716269021,,,,
,,,,,,-0.0187142356,-3.0172166943,-0.2005255589,,,,
,,,,,,-0.0208894708,-2.985669872,-0.2394041446,,,,
,,,,,,-0.0235015156,-2.9467123789,-0.2874737772,,,,
,,,,,,-0.0266379894,-2.9008800591,-0.3438221025,,,,
,,,,,,-0.0303768887,-2.8487491071,-0.4074601264,,,,
,,,,,,-0.0347860512,-2.7909090885,-0.4773664373,,,,
,,,,,,-0.0399230405,-2.7279400422,-0.5525256656,,,,
,,,,,,-0.0458353806,-2.6603947545,-0.6319593866,,,,
,,,,,,-0.0525610601,-2.5887864577,-0.7147489189,,,,
,,,,,,-0.0601292229,-2.5135815771,-0.8000504256,,,,
,,,,,,-0.0685609752,-2.4351967595,-0.8871033334,,,,
,,,,,,-0.0778702452,-2.3539992499,-0.9752333616,,,,
,,,,,,-0.0880646497,-2.2703096766,-1.0638514934,,,,
,,,,,,-0.099146334,-2.1844064119,-1.1524500943,,,,
,,,,,,-0.1111127607,-2.0965308232,-1.2405971814,,,,
,,,,,,-0.1239574341,-2.0068929007,-1.3279296163,,,,
,,,,,,-0.1376705533,-1.9156768985,-1.4141457786,,,,
,,,,,,-0.1522395901,-1.8230467611,-1.4989980917,,,,
,,,,,,-0.1676497919,-1.729151209,-1.5822856214,,,,
,,,,,,-0.1838846115,-1.6341284362,-1.6638468588,,,,
,,,,,,-0.2009260663,-1.5381104282,-1.7435527172,,,,
,,,,,,-0.2187550275,-1.4412269424,-1.821299719,,,,
,,,,,,-0.2373514429,-1.3436092176,-1.8970033196,,,,
,,,,,,-0.2566944926,-1.2453934834,-1.9705912972,,,,
,,,,,,-0.2767626801,-1.1467243416,-2.041997141,,,,
,,,,,,-0.2975338553,-1.0477580776,-2.1111533823,,,,
,,,,,,-0.3189851721,-0.9486659386,-2.1779848395,,,,
,,,,,,-0.3410929767,-0.8496373826,-2.2424017922,,,,
,,,,,,-0.3638326286,-0.7508832574,-2.304293157,,,,
,,,,,,-0.3871782527,-0.6526388106,-2.3635198152,,,,
,,,,,,-0.4111024262,-0.5551663613,-2.4199083406,,,,
,,,,,,-0.4355758062,-0.4587573794,-2.4732454889,,,,
,,,,,,-0.4605667061,-0.3637336318,-2.5232739359,,,,
,,,,,,-0.4860406377,-0.2704469701,-2.5696898714,,,,
,,,,,,-0.5119598401,-0.179277272,-2.6121431506,,,,
,,,,,,-0.5382828249,-0.0906280354,-2.6502407359,,,,
,,,,,,-0.5649639732,-0.0049191795,-2.6835540982,,,,
,,,,,,-0.5919532293,0.0774232262,-2.7116310343,,,,
,,,,,,-0.6191959337,0.155980305,-2.7340119864,,,,
,,,,,,-0.6466328421,0.2303563885,-2.7502504056,,,,
,,,,,,-0.674200366,0.3001968262,-2.7599360494,,,,
,,,,,,-0.7018310568,0.3652062408,-2.7627194385,,,,
,,,,,,-0.7294543354,0.4251655107,-2.7583351714,,,,
,,,,,,-0.7569974418,0.4799456207,-2.7466215665,,,,
,,,,,,-0.7843865582,0.5295166913,-2.72753429,,,,
,,,,,,-0.8115480318,0.5739509787,-2.7011522503,,,,
,,,,,,-0.8384096164,0.6134193801,-2.6676750191,,,,
,,,,,,-0.8649016444,0.6481818152,-2.6274121607,,,,
,,,,,,-0.8909580559,0.6785726168,-2.5807658865,,,,
,,,,,,-0.9165172244,0.7049825945,-2.5282091817,,,,
,,,,,,-0.9415225484,0.7278396499,-2.4702618569,,,,
,,,,,,-0.9659227982,0.747589718,-2.4074668656,,,,
,,,,,,-0.9896722334,0.7646794717,-2.340368787,,,,
,,,,,,-1.0127305185,0.7795417546,-2.2694957555,,,,
,,,,,,-1.0350624791,0.7925842218,-2.195345482,,,,
,,,,,,-1.0566377374,0.8041812456,-2.1183754492,,,,
,,,,,,-1.0774302712,0.8146688352,-2.038996957,,,,
,,,,,,-1.0974179313,0.8243421286,-1.957572447,,,,
,,,,,,-1.1165819461,0.833454934,-1.8744154219,,,,
,,,,,,-1.1349064379,0.8422207947,-1.7897922809,,,,
,,,,,,-1.1523779641,0.8508151025,-1.7039254546,,,,
,,,,,,-1.1689850959,0.8593778592,-1.6169973246,,,,
,,,,,,-1.1847180388,0.8680167708,-1.5291545263,,,,
,,,,,,-1.1995682967,0.8768104405,-1.4405123369,,,,
,,,,,,-1.2135283805,0.885811494,-1.3511589418,,,,
,,,,,,-1.2265915578,0.895049531,-1.2611594491,,,,
,,,,,,-1.2387516413,0.9045338387,-1.1705595742,,,,
,,,,,,-1.2500028126,0.9142558368,-1.0793889615,,,,
,,,,,,-1.2603394773,0.924191246,-0.987664136,,,,
,,,,,,-1.2697561473,0.9343019886,-0.8953910984,,,,
,,,,,,-1.2782473478,0.9445378369,-0.8025675838,,,,
,,,,,,-1.2858075453,0.9548378335,-0.7091850163,,,,
,,,,,,-1.2924310935,0.9651315081,-0.6152301867,,,,
,,,,,,-1.2981121945,0.9753399164,-0.5206866846,,,,
,,,,,,-1.3028448736,0.9853765265,-0.4255361123,,,,
,,,,,,-1.3066229648,0.995147976,-0.329759105,,,,
,,,,,,-1.3094401062,1.0045547217,-0.2333361791,,,,
,,,,,,-1.3112897421,1.0134916019,-0.1362484259,,,,
,,,,,,-1.3121651321,1.0218483281,-0.0384780664,,,,
,,,,,,-1.312059365,1.0295099225,0.0599911218,,,,
,,,,,,-1.3109653759,1.0363571152,0.1591734963,,,,
,,,,,,-1.3088759663,1.0422667119,0.2590813534,,,,
,,,,,,-1.3057838255,1.0471119445,0.3597248389,,,,
,,,,,,-1.3016815518,1.0507628111,0.4611119635,,,,
,,,,,,-1.2965616743,1.0530864156,0.5632487202,,,,
,,,,,,-1.2904166715,1.0539473105,0.6661393036,,,,
,,,,,,-1.2832389883,1.0532078501,0.7697864301,,,,
,,,,,,-1.2750210489,1.0507285577,0.8741917596,,,,
,,,,,,-1.2657552649,1.0463685083,0.9793564167,,,,
,,,,,,-1.2554340379,1.0399857331,1.0852816115,,,,
,,,,,,-1.2440497552,1.0314376438,1.191969356,,,,
,,,,,,-1.231594778,1.0205814821,1.2994232729,,,,
,,,,,,-1.2180614211,1.007274795,1.4076494882,,,,
,,,,,,-1.2034419231,0.9913759414,1.5166575975,,,,
,,,,,,-1.1877284066,0.9727446331,1.6264616903,,,,
,,,,,,-1.1709128284,0.9512425228,1.7370814109,,,,
,,,,,,-1.1529869182,0.9267338489,1.8485430259,,,,
,,,,,,-1.1339421073,0.8990861617,1.9608804563,,,,
,,,,,,-1.1137694469,0.8681711584,2.0741362222,,,,
,,,,,,-1.0924595177,0.8338656746,2.1883622225,,,,
,,,,,,-1.0700023332,0.7960528933,2.3036202525,,,,
,,,,,,-1.0463872382,0.7546238618,2.4199821246,,,,
,,,,,,-1.0216028099,0.7094794407,2.5375292128,,,,
,,,,,,-0.9956367662,0.660532853,2.6563511809,,,,
,,,,,,-0.9684758915,0.6077130648,2.7765435735,,,,
,,,,,,-0.9401059933,0.5509693048,2.8982038428,,,,
,,,,,,-0.9105119082,0.4902771324,3.0214252488,,,,
,,,,,,-0.8796775803,0.4256465853,3.1462878951,,,,
,,,,,,-0.847586246,0.3571330876,3.2728459594,,,,
,,,,,,-0.8142207691,0.2848519604,3.4011099332,,,,
,,,,,,-0.7795641806,0.2089975356,3.5310224505,,,,
,,,,,,-0.7436004968,0.1298679789,3.662426094,,,,
